"aa_change","assigned_effect_oncoKB","assigned_effect_CKB","assigned_effect_ClinVar","DB_consensus_assigned_effect"
"M1V",NA,NA,"LoF","LoF"
"K6E","LoF","LoF","LoF","LoF"
"K6I","LoF","LoF",NA,"LoF"
"S10N","LoF","LoF",NA,"LoF"
"N12T",NA,"LoF",NA,"LoF"
"K13E",NA,"LoF",NA,"LoF"
"R14G",NA,"LoF",NA,"LoF"
"R15K","LoF",NA,"LoF","LoF"
"R15S","LoF","LoF",NA,"LoF"
"R15I",NA,"LoF",NA,"LoF"
"Y16C","LoF",NA,NA,"LoF"
"Y16D","LoF",NA,NA,"LoF"
"G20E","LoF","LoF",NA,"LoF"
"F21A","LoF","LoF",NA,"LoF"
"D22E",NA,"LoF",NA,"LoF"
"L23F","LoF","LoF",NA,"LoF"
"D24N","LoF","LoF",NA,"LoF"
"D24Y","LoF","LoF",NA,"LoF"
"D24G",NA,"LoF",NA,"LoF"
"D24V",NA,"LoF",NA,"LoF"
"Y27C","LoF","LoF","LoF","LoF"
"Y27S","LoF",NA,NA,"LoF"
"Y27N",NA,"LoF",NA,"LoF"
"I33S",NA,"LoF",NA,"LoF"
"A34D","LoF","LoF",NA,"LoF"
"A34P","LoF","LoF",NA,"LoF"
"M35R","LoF","LoF","LoF","LoF"
"M35V",NA,NA,"LoF","LoF"
"G36R","LoF","LoF",NA,"LoF"
"G36E",NA,"LoF",NA,"LoF"
"P38F","LoF",NA,NA,"LoF"
"P38H","LoF","LoF",NA,"LoF"
"A39P","LoF",NA,NA,"LoF"
"L42R",NA,"LoF",NA,"LoF"
"G44D","LoF","LoF",NA,"LoF"
"N48K","LoF","LoF",NA,"LoF"
"F56C",NA,"LoF",NA,"LoF"
"L57W",NA,"LoF","LoF","LoF"
"H61D","LoF","LoF","LoF","LoF"
"H61R","LoF","LoF",NA,"LoF"
"K62R","LoF","LoF",NA,"LoF"
"Y65C","LoF","LoF",NA,"LoF"
"Y65S",NA,"LoF",NA,"LoF"
"I67K","LoF",NA,NA,"LoF"
"Y68D","LoF","LoF",NA,"LoF"
"Y68H","LoF","LoF",NA,"LoF"
"Y68N","LoF","LoF",NA,"LoF"
"Y68C",NA,"LoF",NA,"LoF"
"L70V",NA,"LoF",NA,"LoF"
"L70P",NA,NA,"LoF","LoF"
"C71Y","LoF",NA,NA,"LoF"
"E73K",NA,"LoF",NA,"LoF"
"T78A",NA,"WT",NA,"WT"
"F90S",NA,"LoF",NA,"LoF"
"D92A","LoF","LoF",NA,"LoF"
"D92E","LoF","LoF",NA,"LoF"
"D92G","LoF","LoF",NA,"LoF"
"D92H","LoF","LoF",NA,"LoF"
"D92N","LoF",NA,NA,"LoF"
"D92V","LoF","LoF",NA,"LoF"
"D92Y","LoF",NA,NA,"LoF"
"H93D","LoF","LoF",NA,"LoF"
"H93L","LoF",NA,NA,"LoF"
"H93P","LoF",NA,NA,"LoF"
"H93Q","LoF","LoF",NA,"LoF"
"H93R","LoF",NA,"LoF","LoF"
"H93Y","LoF","LoF",NA,"LoF"
"N94I","LoF",NA,NA,"LoF"
"P95L","LoF","LoF","LoF","LoF"
"P95S","LoF",NA,NA,"LoF"
"P96Q","LoF","LoF",NA,"LoF"
"P96L",NA,NA,"LoF","LoF"
"I101F","LoF","LoF",NA,"LoF"
"I101T","LoF","LoF",NA,"LoF"
"C105F","LoF","LoF",NA,"LoF"
"C105Y",NA,"LoF","LoF","LoF"
"D107V","LoF","LoF","LoF","LoF"
"D107Y","LoF","LoF","LoF","LoF"
"D107G",NA,"LoF",NA,"LoF"
"L108P","LoF","LoF",NA,"LoF"
"L108R",NA,"LoF",NA,"LoF"
"W111G","LoF",NA,NA,"LoF"
"W111R","LoF",NA,"LoF","LoF"
"W111S","LoF",NA,NA,"LoF"
"L112P","LoF","LoF",NA,"LoF"
"L112R","LoF","LoF",NA,"LoF"
"H118P","LoF","LoF",NA,"LoF"
"A121E","LoF","LoF",NA,"LoF"
"A121P","LoF","LoF",NA,"LoF"
"I122L","LoF",NA,NA,"LoF"
"I122S","LoF","LoF",NA,"LoF"
"H123D","LoF",NA,"LoF","LoF"
"H123Q","LoF","LoF",NA,"LoF"
"H123Y","LoF",NA,NA,"LoF"
"H123R",NA,NA,"LoF","LoF"
"C124G","LoF","LoF",NA,"LoF"
"C124N","LoF",NA,NA,"LoF"
"C124R","LoF","LoF","LoF","LoF"
"C124S","LoF","LoF",NA,"LoF"
"K125E","LoF","LoF",NA,"LoF"
"K125L","LoF","LoF",NA,"LoF"
"K125M","LoF",NA,NA,"LoF"
"A126D","LoF","LoF",NA,"LoF"
"A126G","LoF","LoF",NA,"LoF"
"A126P","LoF","LoF",NA,"LoF"
"A126S","LoF","LoF",NA,"LoF"
"A126V","LoF","LoF",NA,"LoF"
"G127E","LoF","LoF",NA,"LoF"
"G127N","LoF","LoF",NA,"LoF"
"G127R","LoF","LoF",NA,"LoF"
"K128N","LoF",NA,NA,"LoF"
"K128Q","LoF",NA,NA,"LoF"
"K128R","LoF","WT",NA,"LoF"
"K128T","LoF",NA,NA,"LoF"
"K128_R130del",NA,"LoF",NA,"LoF"
"G129A","LoF",NA,NA,"LoF"
"G129D","LoF","LoF",NA,"LoF"
"G129E","LoF","LoF",NA,"LoF"
"G129R","LoF","LoF",NA,"LoF"
"G129V","LoF","LoF",NA,"LoF"
"R130A","LoF","LoF",NA,"LoF"
"R130G","LoF","LoF","LoF","LoF"
"R130K","LoF","LoF",NA,"LoF"
"R130L","LoF","LoF",NA,"LoF"
"R130P","LoF","LoF","LoF","LoF"
"R130Q","LoF","LoF","LoF","LoF"
"T131A","LoF",NA,NA,"LoF"
"T131I","LoF",NA,"LoF","LoF"
"T131L","LoF","LoF",NA,"LoF"
"G132D","LoF","LoF","LoF","LoF"
"G132S","LoF",NA,NA,"LoF"
"G132V","LoF",NA,NA,"LoF"
"V133I","LoF","LoF",NA,"LoF"
"M134I","LoF","LoF","LoF","LoF"
"M134L","LoF",NA,NA,"LoF"
"M134T","LoF","LoF",NA,"LoF"
"I135K",NA,"LoF",NA,"LoF"
"I135R",NA,"LoF",NA,"LoF"
"I135T",NA,"WT",NA,"WT"
"C136R","LoF","LoF",NA,"LoF"
"C136Y","LoF","LoF","LoF","LoF"
"C136F",NA,"LoF",NA,"LoF"
"Y138L","LoF","LoF",NA,"LoF"
"H141P",NA,NA,"LoF","LoF"
"A151P","LoF","LoF",NA,"LoF"
"L152P",NA,"LoF",NA,"LoF"
"F154L","LoF","LoF",NA,"LoF"
"Y155C","LoF","LoF","LoF","LoF"
"Y155H","LoF","LoF",NA,"LoF"
"Y155N",NA,"LoF",NA,"LoF"
"E157G",NA,"LoF",NA,"LoF"
"R159G","LoF",NA,NA,"LoF"
"R159S",NA,NA,"LoF","LoF"
"T160I","LoF",NA,NA,"LoF"
"R161G","LoF",NA,NA,"LoF"
"D162G","LoF",NA,NA,"LoF"
"D162H","LoF","WT",NA,"LoF"
"G165E","LoF","LoF",NA,"LoF"
"G165R","LoF",NA,"LoF","LoF"
"G165V","LoF","LoF",NA,"LoF"
"T167A","LoF","LoF",NA,"LoF"
"T167N","LoF","LoF","LoF","LoF"
"T167P",NA,"LoF",NA,"LoF"
"I168F","LoF",NA,NA,"LoF"
"P169H","LoF",NA,NA,"LoF"
"S170I","LoF",NA,NA,"LoF"
"S170N","LoF","LoF",NA,"LoF"
"S170R","LoF","LoF","LoF","LoF"
"Q171E","LoF","LoF",NA,"LoF"
"Q171R",NA,"LoF",NA,"LoF"
"R173C","LoF","LoF","LoF","LoF"
"R173H","LoF",NA,NA,"LoF"
"R173P","LoF","LoF",NA,"LoF"
"Y174N","LoF","LoF","LoF","LoF"
"Y174C",NA,NA,"LoF","LoF"
"Y177C","LoF",NA,NA,"LoF"
"Y177D","LoF",NA,NA,"LoF"
"Y180H",NA,"WT",NA,"WT"
"L181P","LoF","LoF","LoF","LoF"
"M198I",NA,"WT",NA,"WT"
"M198R",NA,"LoF",NA,"LoF"
"M199del","LoF","LoF",NA,"LoF"
"P204A",NA,NA,"LoF","LoF"
"C211W",NA,NA,"LoF","LoF"
"V217D","LoF","LoF",NA,"LoF"
"S227F","LoF",NA,NA,"LoF"
"S229T",NA,"WT",NA,"WT"
"F241S","LoF","LoF","LoF","LoF"
"P246L","LoF",NA,"LoF","LoF"
"L247S",NA,NA,"LoF","LoF"
"G251C","LoF","LoF",NA,"LoF"
"G251D","LoF",NA,NA,"LoF"
"D252G","LoF","LoF","LoF","LoF"
"D252Y",NA,"LoF",NA,"LoF"
"V255A","LoF","LoF",NA,"LoF"
"N262S",NA,"WT",NA,"WT"
"D268E",NA,"WT",NA,"WT"
"F271S",NA,"LoF",NA,"LoF"
"N276S","LoF","LoF",NA,"LoF"
"T277A","LoF","LoF",NA,"LoF"
"T277N","LoF",NA,NA,"LoF"
"T277R",NA,NA,"LoF","LoF"
"T319A","LoF",NA,NA,"LoF"
"T319del","LoF","LoF",NA,"LoF"
"L320S","LoF","LoF",NA,"LoF"
"K322E",NA,"LoF",NA,"LoF"
"L325F","LoF",NA,NA,"LoF"
"L325R",NA,"LoF",NA,"LoF"
"D326N","LoF","LoF",NA,"LoF"
"R335L","LoF",NA,NA,"LoF"
"N340H",NA,"WT",NA,"WT"
"F341V","LoF","LoF",NA,"LoF"
"K342N","LoF",NA,NA,"LoF"
"V343E","LoF","LoF",NA,"LoF"
"L345Q","LoF","LoF",NA,"LoF"
"L345P",NA,NA,"LoF","LoF"
"F347L","LoF",NA,NA,"LoF"
"T348I",NA,"LoF",NA,"LoF"
"P354Q",NA,"WT",NA,"WT"
"N356D",NA,"WT",NA,"WT"
"N356H",NA,"WT",NA,"WT"
"T382S",NA,"LoF",NA,"LoF"
"K402N",NA,"WT",NA,"WT"
