"amino_acid_change","oncoKB","CKB"
"R15S","lof","lof"
"L23F","lof","lof"
"D24Y","lof","lof"
"A34D","lof","lof"
"M35R","lof","lof"
"G36R","lof",NA
"A39P","lof",NA
"G44D","lof",NA
"N48K","lof","lof"
"H61D","lof","lof"
"K62R","lof","lof"
"Y65C","lof","lof"
"Y68D","lof",NA
"C71Y","lof",NA
"D92G","lof",NA
"D92E","lof",NA
"D92V","lof",NA
"D92H","lof",NA
"D92A","lof","lof"
"H93Y","lof","lof"
"H93R","lof",NA
"H93Q","lof",NA
"H93D","lof",NA
"N94I","lof",NA
"P95L","lof",NA
"P95S","lof",NA
"P96Q","lof","lof"
"L112R","lof",NA
"L112P","lof","lof"
"H118P","lof","lof"
"A121E","lof",NA
"I122L","lof",NA
"I122S","lof",NA
"H123Q","lof",NA
"H123Y","lof","lof"
"H123D","lof",NA
"C124N","lof",NA
"C124R","lof","lof"
"K125E","lof","lof"
"K125M","lof",NA
"K125L","lof","lof"
"A126D","lof",NA
"A126V","lof",NA
"A126S","lof",NA
"A126G","lof","lof"
"G127E","lof",NA
"G127N","lof",NA
"K128T","lof",NA
"K128N","lof",NA
"K128Q","lof",NA
"K128R","lof",NA
"G129R","lof","lof"
"G129D","lof",NA
"G129E","lof","lof"
"R130*","lof","lof"
"R130G","lof","lof"
"R130A","lof",NA
"R130K","lof",NA
"R130L","lof","lof"
"T131A","lof",NA
"T131I","lof",NA
"T131L","lof",NA
"C136Y","lof",NA
"F154L","lof",NA
"Y155C","lof","lof"
"E157G","lof",NA
"T160I","lof",NA
"R161G","lof",NA
"D162G","lof",NA
"D162H","lof",NA
"G165V","lof",NA
"G165E","lof",NA
"T167A","lof",NA
"I168F","lof",NA
"P169H","lof",NA
"S170R","lof",NA
"R173H","lof",NA
"L181P","lof",NA
"M199del","lof",NA
"V217D","lof",NA
"F241S","lof","lof"
"D252G","lof",NA
"T319del","lof","lof"
"L325F","lof",NA
"D326N","lof","lof"
"R335*","lof",NA
"R335L","lof",NA
"F341V","lof","lof"
"V343L","lof",NA
"V343E","lof","lof"
"F347L","lof",NA
"S10N",NA,"lof"
"R15K",NA,NA
"Y16C",NA,NA
"G20E",NA,"lof"
"F21A",NA,"lof"
"D24N",NA,"lof"
"Y27S",NA,"lof"
"I32del",NA,NA
"I33del",NA,NA
"P38L",NA,NA
"L42R",NA,"lof"
"H61R",NA,NA
"Y68H",NA,"lof"
"D92N",NA,NA
"C105F",NA,"lof"
"D107Y",NA,NA
"L108P",NA,"lof"
"A121P",NA,NA
"C124S",NA,"lof"
"G129A",NA,NA
"R130Q",NA,"lof"
"V133I",NA,NA
"M134L",NA,NA
"C136R",NA,"lof"
"R159G",NA,NA
"G165R",NA,NA
"S170N",NA,"lof"
"R173C",NA,"lof"
"R173P",NA,NA
"Y174N",NA,NA
"S227F",NA,NA
"G251C",NA,"lof"
"N276S",NA,NA
"T277A",NA,NA
"K289E",NA,NA
"T319A",NA,NA
"L320S",NA,NA
"D331G",NA,NA
"K342N",NA,NA
"L345Q",NA,"lof"
"T401I",NA,NA
"Q110R",NA,NA
"A121V",NA,NA
"I122V",NA,NA
"K125R",NA,NA
"T131S",NA,NA
"D301N",NA,NA
"S362L",NA,NA
"V369G",NA,NA
"K13E",NA,"lof"
"L57W",NA,"lof"
"F90S",NA,"lof"
"C124G",NA,"lof"
"K128_R130del",NA,"lof"
"G129V",NA,"lof"
"K6fs",NA,NA
"E7*",NA,NA
"N12T",NA,NA
"K13*",NA,NA
"K13Q",NA,NA
"R14fs",NA,NA
"R15I",NA,NA
"Y16fs",NA,NA
"Q17*",NA,NA
"D24G",NA,NA
"Y27D",NA,NA
"Y27fs",NA,NA
"V54fs",NA,NA
"R55fs",NA,NA
"F56fs",NA,NA
"L57fs",NA,NA
"S59*",NA,NA
"K60fs",NA,NA
"N63fs",NA,NA
"Y65*",NA,NA
"K66fs",NA,NA
"Y68C",NA,NA
"Y68fs",NA,NA
"L70fs",NA,NA
"A72fs",NA,NA
"Y76fs",NA,NA
"Y86fs",NA,NA
"K102fs",NA,NA
"L108R",NA,NA
"Q110*",NA,NA
"W111*",NA,NA
"D116fs",NA,NA
"H118fs",NA,NA
"V119fs",NA,NA
"I122fs",NA,NA
"C124fs",NA,NA
"K125*",NA,NA
"K125N",NA,NA
"A126fs",NA,NA
"G127R",NA,NA
"G129*",NA,NA
"R130fs",NA,NA
"T131fs",NA,NA
"C136F",NA,NA
"Y138L",NA,NA
"G143fs",NA,NA
"K147*",NA,NA
"Y155fs",NA,NA
"V158fs",NA,NA
"K163fs",NA,NA
"G165*",NA,NA
"V166Sfs*14",NA,NA
"T167P",NA,NA
"Q171*",NA,NA
"R173fs",NA,NA
"Y176*",NA,NA
"L182fs",NA,NA
"L193fs",NA,NA
"E201*",NA,NA
"N212Kfs*10",NA,NA
"Q214*",NA,NA
"C218*",NA,NA
"Q219*",NA,NA
"R233*",NA,NA
"E235*",NA,NA
"K237fs",NA,NA
"E242*",NA,NA
"E242fs",NA,NA
"Q245*",NA,NA
"P246fs",NA,NA
"L247_P248del",NA,NA
"L247Sfs*6",NA,NA
"P248fs",NA,NA
"C250fs",NA,NA
"G251D",NA,NA
"G251V",NA,NA
"D252Y",NA,NA
"K254fs",NA,NA
"K254Rfs*42",NA,NA
"E256*",NA,NA
"K260*",NA,NA
"K260fs",NA,NA
"Q261*",NA,NA
"K263*",NA,NA
"L265fs",NA,NA
"K267fs",NA,NA
"W274fs",NA,NA
"V275*",NA,NA
"E284*",NA,NA
"E284fs",NA,NA
"E285*",NA,NA
"S287*",NA,NA
"E288*",NA,NA
"E288fs",NA,NA
"K289Nfs*8",NA,NA
"V290*",NA,NA
"V290fs",NA,NA
"E291*",NA,NA
"N292fs",NA,NA
"G293fs",NA,NA
"S294fs",NA,NA
"S294R",NA,NA
"Q298*",NA,NA
"Q298fs",NA,NA
"E299*",NA,NA
"S302Afs*5",NA,NA
"V317fs",NA,NA
"L318fs",NA,NA
"T319fs",NA,NA
"T321fs",NA,NA
"N323fs",NA,NA
"L325R",NA,NA
"N329fs",NA,NA
"D331fs",NA,NA
"D331Tfs*13",NA,NA
"Y336*",NA,NA
"F337fs",NA,NA
"N340fs",NA,NA
"A79T",NA,NA
"Y88C",NA,NA
"R233Q",NA,NA
"P246L",NA,NA
